{
   "abstract" : "XML, The Perl Way",
   "author" : [
      "Michel Rodriguez <mirod@cpan.org>"
   ],
   "dynamic_config" : 1,
   "generated_by" : "ExtUtils::MakeMaker version 6.62, CPAN::Meta::Converter version 2.120921",
   "license" : [
      "perl_5"
   ],
   "meta-spec" : {
      "url" : "http://search.cpan.org/perldoc?CPAN::Meta::Spec",
      "version" : "2"
   },
   "name" : "XML-Twig",
   "no_index" : {
      "directory" : [
         "t",
         "inc"
      ]
   },
   "prereqs" : {
      "build" : {
         "requires" : {
            "ExtUtils::MakeMaker" : "0"
         }
      },
      "configure" : {
         "requires" : {
            "ExtUtils::MakeMaker" : "0"
         }
      },
      "runtime" : {
         "requires" : {
            "XML::Parser" : "2.23"
         }
      }
   },
   "release_status" : "stable",
   "resources" : {
      "repository" : {
         "url" : "http://github.com/mirod/xmltwig"
      }
   },
   "version" : "3.44"
}
