<?xml version="1.0" encoding="utf-8"?>
<IP NAME="COMP">
  <COMMON>
    <LITERALS>
      <LITERAL><SPL>COMP_InitTypeDef</SPL><LL>LL_COMP_InitTypeDef</LL></LITERAL>
      <LITERAL><SPL>COMP_InvertingInput_1_4VREFINT</SPL><LL>LL_COMP_INPUT_MINUS_1_4VREFINT</LL></LITERAL>
      <LITERAL><SPL>COMP_InvertingInput_1_2VREFINT</SPL><LL>LL_COMP_INPUT_MINUS_1_2VREFINT</LL></LITERAL>
      <LITERAL><SPL>COMP_InvertingInput_3_4VREFINT</SPL><LL>LL_COMP_INPUT_MINUS_3_4VREFINT</LL></LITERAL>
      <LITERAL><SPL>COMP_InvertingInput_VREFINT</SPL><LL>LL_COMP_INPUT_MINUS_VREFINT</LL></LITERAL>
      <LITERAL><SPL>COMP_InvertingInput_DAC1OUT1</SPL><LL>LL_COMP_INPUT_MINUS_DAC1_CH1</LL></LITERAL>
      <LITERAL><SPL>COMP_InvertingInput_DAC1OUT2</SPL><LL>LL_COMP_INPUT_MINUS_DAC1_CH2</LL></LITERAL>
      <LITERAL><SPL>COMP_InvertingInput_IO1</SPL><LL>LL_COMP_INPUT_MINUS_IO1</LL></LITERAL>
      <LITERAL><SPL>COMP_InvertingInput_IO2</SPL><LL>LL_COMP_INPUT_MINUS_IO2</LL></LITERAL>
      <LITERAL><SPL>COMP_InvertingInput_DAC2OUT1</SPL><LL>LL_COMP_INPUT_MINUS_DAC2_CH1</LL></LITERAL>
      <LITERAL><SPL>COMP_InvertingInput_IO</SPL><LL>LL_COMP_INPUT_MINUS_IO1</LL></LITERAL>
      <LITERAL><SPL>COMP_InvertingInput_DAC1</SPL><LL>LL_COMP_INPUT_MINUS_DAC1_CH1</LL></LITERAL>
      <LITERAL><SPL>COMP_InvertingInput_DAC2</SPL><LL>LL_COMP_INPUT_MINUS_DAC1_CH2</LL></LITERAL>
      <LITERAL><SPL>COMP_InvertingInput_None</SPL><LL>0x00000000</LL></LITERAL>
	  
      <LITERAL><SPL>COMP_Selection_COMP1</SPL><LL>COMP1</LL></LITERAL>
      <LITERAL><SPL>COMP_Selection_COMP2</SPL><LL>COMP2</LL></LITERAL>
      <LITERAL><SPL>COMP_Selection_COMP3</SPL><LL>COMP3</LL></LITERAL>
      <LITERAL><SPL>COMP_Selection_COMP4</SPL><LL>COMP4</LL></LITERAL>
      <LITERAL><SPL>COMP_Selection_COMP5</SPL><LL>COMP5</LL></LITERAL>
      <LITERAL><SPL>COMP_Selection_COMP6</SPL><LL>COMP6</LL></LITERAL>
      <LITERAL><SPL>COMP_Selection_COMP7</SPL><LL>COMP7</LL></LITERAL>
	</LITERALS>

    <STRUCTURES>
	   <STRUCTURE NAME="COMP_InitTypeDef">
         <FIELD><SPL>COMP_InvertingInput</SPL><LL>InputMinus</LL></FIELD>
       </STRUCTURE>
	   
    </STRUCTURES>

    <FUNCTIONS>
      <!-- ################ COMP Functions ################ -->
      <FUNCTION>
          <SPL NAME="COMP_DeInit" />
          <LL  NAME="LL_COMP_DeInit"
               CMD0="ADD@LL_PARAM_0=COMP1"/>
          <LL  NAME="LL_COMP_DeInit"
               CMD0="ADD@LL_PARAM_0=COMP2"/>
          <EXCLUDE>STM32F30</EXCLUDE>
      </FUNCTION>
      <FUNCTION>
          <SPL NAME="COMP_Init" />
          <LL  NAME="LL_COMP_Init"
               CMD0="UPD@LL_PARAM_0={UPD@SPL_PARAM_0}"
			   CMD1="UPD@LL_PARAM_1={CPY@SPL_PARAM_1}"/>
          <EXCLUDE>STM32L1</EXCLUDE>
      </FUNCTION>
      <FUNCTION>
          <SPL NAME="COMP_Cmd" 
               CMD0="EQU@SPL_PARAM_0=ENABLE" />
          <LL  NAME="LL_COMP_Enable"
               CMD0="UPD@LL_PARAM_0=COMP1"/>
      </FUNCTION>
      <FUNCTION>
          <SPL NAME="COMP_Cmd" 
               CMD0="EQU@SPL_PARAM_0=DISABLE" />
          <LL  NAME="LL_COMP_Disable"
               CMD0="UPD@LL_PARAM_0=COMP1"/>
      </FUNCTION>
      <FUNCTION>
          <SPL NAME="COMP_Cmd" 
               CMD0="EQU@SPL_PARAM_1=ENABLE" />
          <LL  NAME="LL_COMP_Enable"
               CMD0="UPD@LL_PARAM_0={UPD@SPL_PARAM_0}"
			   CMD1="DEL@LL_PARAM_1"/>
      </FUNCTION>
      <FUNCTION>
          <SPL NAME="COMP_Cmd" 
               CMD0="EQU@SPL_PARAM_1=DISABLE" />
          <LL  NAME="LL_COMP_Disable"
               CMD0="UPD@LL_PARAM_0={UPD@SPL_PARAM_0}"
			   CMD1="DEL@LL_PARAM_1"/>
      </FUNCTION>
      <FUNCTION>
          <SPL NAME="COMP_GetOutputLevel"/>
          <LL  NAME="LL_COMP_GetPowerMode"
               CMD0="UPD@LL_PARAM_0={UPD@SPL_PARAM_0}"/>
      </FUNCTION>
      <FUNCTION>
          <SPL NAME="COMP_WindowCmd" 
               CMD0="EQU@SPL_PARAM_1=ENABLE"
               CMD1="EQU@SPL_PARAM_0=COMP_Selection_COMP2" />
          <LL  NAME="N/A"
               CMD0="LL_COMP_SetCommonWindowMode(__LL_COMP_COMMON_INSTANCE({UPD@SPL_PARAM_0}), LL_COMP_WINDOWMODE_COMP1_INPUT_PLUS_COMMON)"/>
      </FUNCTION>
      <FUNCTION>
          <SPL NAME="COMP_WindowCmd" 
               CMD0="EQU@SPL_PARAM_1=ENABLE"
               CMD1="EQU@SPL_PARAM_0=COMP_Selection_COMP4" />
          <LL  NAME="N/A"
               CMD0="LL_COMP_SetCommonWindowMode(__LL_COMP_COMMON_INSTANCE({UPD@SPL_PARAM_0}), LL_COMP_WINDOWMODE_COMP3_INPUT_PLUS_COMMON)"/>
      </FUNCTION>
      <FUNCTION>
          <SPL NAME="COMP_WindowCmd" 
               CMD0="EQU@SPL_PARAM_1=ENABLE"
               CMD1="EQU@SPL_PARAM_0=COMP_Selection_COMP6" />
          <LL  NAME="N/A"
               CMD0="LL_COMP_SetCommonWindowMode(__LL_COMP_COMMON_INSTANCE({UPD@SPL_PARAM_0}), LL_COMP_WINDOWMODE_COMP5_INPUT_PLUS_COMMON)"/>
      </FUNCTION>
      <FUNCTION>
          <SPL NAME="COMP_WindowCmd" 
               CMD0="EQU@SPL_PARAM_1=DISABLE" />
          <LL  NAME="N/A"
               CMD0="LL_COMP_SetCommonWindowMode(__LL_COMP_COMMON_INSTANCE({UPD@SPL_PARAM_0}), LL_COMP_WINDOWMODE_DISABLE)"/>
      </FUNCTION>
      <FUNCTION>
          <SPL NAME="COMP_WindowCmd" 
               CMD0="EQU@SPL_PARAM_0=ENABLE" />
          <LL  NAME="N/A"
               CMD0="LL_COMP_SetCommonWindowMode(__LL_COMP_COMMON_INSTANCE(COMP1), LL_COMP_WINDOWMODE_COMP2_INPUT_PLUS_COMMON)"/>
      </FUNCTION>
      <FUNCTION>
          <SPL NAME="COMP_WindowCmd" 
               CMD0="EQU@SPL_PARAM_0=DISABLE" />
          <LL  NAME="N/A"
               CMD0="LL_COMP_SetCommonWindowMode(__LL_COMP_COMMON_INSTANCE(COMP1), LL_COMP_WINDOWMODE_DISABLE)"/>
      </FUNCTION>
    </FUNCTIONS>
	
	
  </COMMON>

  <SPECIFIC>
   <VERSION NAME="COMP_VER_1_0_0">
    <LITERALS>
      <LITERAL><SPL>COMP_Speed_Slow</SPL><LL>LL_COMP_POWERMODE_ULTRALOWPOWER</LL></LITERAL>
      <LITERAL><SPL>COMP_Speed_Fast</SPL><LL>LL_COMP_POWERMODE_MEDIUMSPEED</LL></LITERAL>
      <LITERAL><SPL>COMP_OutputSelect_TIM2IC4</SPL><LL>LL_COMP_OUTPUT_TIM2_IC4</LL></LITERAL>
      <LITERAL><SPL>COMP_OutputSelect_TIM2OCREFCLR</SPL><LL>LL_COMP_OUTPUT_TIM2_OCREFCLR</LL></LITERAL>
      <LITERAL><SPL>COMP_OutputSelect_TIM3IC4</SPL><LL>LL_COMP_OUTPUT_TIM3_IC4</LL></LITERAL>
      <LITERAL><SPL>COMP_OutputSelect_TIM3OCREFCLR</SPL><LL>LL_COMP_OUTPUT_TIM3_OCREFCLR</LL></LITERAL>
      <LITERAL><SPL>COMP_OutputSelect_TIM4IC4</SPL><LL>LL_COMP_OUTPUT_TIM4_IC4</LL></LITERAL>
      <LITERAL><SPL>COMP_OutputSelect_TIM4OCREFCLR</SPL><LL>LL_COMP_OUTPUT_TIM4_OCREFCLR</LL></LITERAL>
      <LITERAL><SPL>COMP_OutputSelect_TIM10IC1</SPL><LL>LL_COMP_OUTPUT_TIM10_IC1</LL></LITERAL>
      <LITERAL><SPL>COMP_OutputSelect_None</SPL><LL>LL_COMP_OUTPUT_NONE</LL></LITERAL>
	</LITERALS>

    <STRUCTURES>
	   <STRUCTURE NAME="COMP_InitTypeDef">
         <FIELD><SPL>COMP_Speed</SPL><LL>PowerMode</LL></FIELD>
         <FIELD><SPL>COMP_OutputSelect</SPL><LL>OutputSelection</LL></FIELD>
       </STRUCTURE>
    </STRUCTURES>

    <FUNCTIONS>
      <FUNCTION>
          <SPL NAME="COMP_Init" />
          <LL  NAME="LL_COMP_Init"
               CMD0="UPD@LL_PARAM_0=COMP2"
			   CMD1="UPD@LL_PARAM_1={CPY@SPL_PARAM_0}"/>
      </FUNCTION>
	  <FUNCTION>
          <SPL NAME="COMP_SW1SwitchConfig"
               CMD0="EQU@SPL_PARAM_0=ENABLE" />
          <LL  NAME="N/A" 
		       CMD0="SET_BIT(COMP-&gt;CSR, COMP_CSR_SW1)" 
			   LOG="No LL API exist, migration is ensured by using direct access register"/>
      </FUNCTION>
	  <FUNCTION>
          <SPL NAME="COMP_SW1SwitchConfig"
               CMD0="EQU@SPL_PARAM_0=DISABLE" />
          <LL  NAME="N/A"
		       CMD0="CLEAR_BIT(COMP-&gt;CSR, COMP_CSR_SW1)" 
			   LOG="No LL API exist, migration is ensured by using direct access register"/>
      </FUNCTION>
	  <FUNCTION>
          <SPL NAME="COMP_VrefintOutputCmd"
               CMD0="EQU@SPL_PARAM_0=ENABLE" />
          <LL  NAME="N/A"
		       CMD0="SET_BIT(COMP-&gt;CSR, COMP_CSR_VREFOUTEN)" 
			   LOG="No LL API exist, migration is ensured by using direct access register"/>
      </FUNCTION>
	  <FUNCTION>
          <SPL NAME="COMP_VrefintOutputCmd"
               CMD0="EQU@SPL_PARAM_0=DISABLE" />
          <LL  NAME="N/A"
		       CMD0="CLEAR_BIT(COMP-&gt;CSR, COMP_CSR_VREFOUTEN)" 
			   LOG="No LL API exist, migration is ensured by using direct access register"/>
      </FUNCTION>
    </FUNCTIONS>
   </VERSION>
	
   <VERSION NAME="COMP_VER_1_x_0">
    <LITERALS>
        <LITERAL><SPL>COMP_Output_None</SPL><LL>LL_COMP_OUTPUT_NONE</LL></LITERAL>
        <LITERAL><SPL>COMP_Output_TIM1BKIN</SPL><LL>LL_COMP_OUTPUT_TIM1_BKIN</LL></LITERAL>
        <LITERAL><SPL>COMP_Output_TIM1IC1</SPL><LL>LL_COMP_OUTPUT_TIM1_IC1</LL></LITERAL>
        <LITERAL><SPL>COMP_Output_TIM1OCREFCLR</SPL><LL>LL_COMP_OUTPUT_TIM1_OCCLR</LL></LITERAL>
        <LITERAL><SPL>COMP_Output_TIM2IC4</SPL><LL>LL_COMP_OUTPUT_TIM2_IC4</LL></LITERAL>
        <LITERAL><SPL>COMP_Output_TIM2OCREFCLR</SPL><LL>LL_COMP_OUTPUT_TIM2_OCCLR_COMP1_2_3</LL><AVAILABLE>STM32F37</AVAILABLE><AVAILABLE>STM32F30</AVAILABLE></LITERAL>
        <LITERAL><SPL>COMP_Output_TIM2OCREFCLR</SPL><LL>LL_COMP_OUTPUT_TIM2_OCCLR</LL></LITERAL>
        <LITERAL><SPL>COMP_Output_TIM3IC1</SPL><LL>LL_COMP_OUTPUT_TIM3_IC1</LL></LITERAL>
        <LITERAL><SPL>COMP_Output_TIM3OCREFCLR</SPL><LL>LL_COMP_OUTPUT_TIM3_OCCLR</LL></LITERAL>
		
        <LITERAL><SPL>COMP_Output_TIM5IC4</SPL><LL>LL_COMP_OUTPUT_TIM5_IC4</LL></LITERAL>
        <LITERAL><SPL>COMP_Output_TIM4IC1</SPL><LL>LL_COMP_OUTPUT_TIM4_IC1</LL></LITERAL>
        <LITERAL><SPL>COMP_Output_TIM5OCREFCLR</SPL><LL>LL_COMP_OUTPUT_TIM5_OCCLR</LL></LITERAL>
        <LITERAL><SPL>COMP_Output_TIM4OCREFCLR</SPL><LL>LL_COMP_OUTPUT_TIM4_OCCLR</LL></LITERAL>		
        <LITERAL><SPL>COMP_Output_TIM15BKIN</SPL><LL>LL_COMP_OUTPUT_TIM15_BKIN</LL></LITERAL>		
        <LITERAL><SPL>COMP_Output_TIM16BKIN</SPL><LL>LL_COMP_OUTPUT_TIM16_BKIN</LL></LITERAL>
		
        <LITERAL><SPL>COMP_Output_TIM1BKIN2</SPL><LL>LL_COMP_OUTPUT_TIM1_BKIN2</LL></LITERAL>
        <LITERAL><SPL>COMP_Output_TIM8BKIN</SPL><LL>LL_COMP_OUTPUT_TIM8_BKIN</LL></LITERAL>
        <LITERAL><SPL>COMP_Output_TIM8BKIN2</SPL><LL>LL_COMP_OUTPUT_TIM8_BKIN2</LL></LITERAL>
		<LITERAL><SPL>COMP_Output_TIM1BKIN2_TIM8BKIN2</SPL><LL>LL_COMP_OUTPUT_TIM1_TIM8_BKIN2</LL></LITERAL>
		<LITERAL><SPL>COMP_Output_TIM20BKIN</SPL><LL>LL_COMP_OUTPUT_TIM20_BKIN</LL></LITERAL>		
        <LITERAL><SPL>COMP_Output_TIM20BKIN2</SPL><LL>LL_COMP_OUTPUT_TIM20_BKIN2</LL></LITERAL>
        <LITERAL><SPL>COMP_Output_TIM1BKIN2_TIM8BKIN2_TIM20BKIN2</SPL><LL>LL_COMP_OUTPUT_TIM1_TIM8_TIM20_BKIN2</LL></LITERAL>
        <LITERAL><SPL>COMP_Output_HRTIM1_FLT6</SPL><LL>0x00003000U</LL></LITERAL>
        <LITERAL><SPL>COMP_Output_HRTIM1_EE1_2</SPL><LL>0x00003400U</LL></LITERAL>
		<LITERAL><SPL>COMP_Output_HRTIM1_EE6_2</SPL><LL>0x00003800U</LL></LITERAL>
		<LITERAL><SPL>COMP_Output_TIM20OCREFCLR</SPL><LL>LL_COMP_OUTPUT_TIM20_OCCLR_COMP2</LL></LITERAL>		
        <LITERAL><SPL>COMP_Output_TIM3IC2</SPL><LL>LL_COMP_OUTPUT_TIM3_IC2</LL></LITERAL>
        <LITERAL><SPL>COMP_Output_TIM15IC1</SPL><LL>LL_COMP_OUTPUT_TIM15_IC1</LL></LITERAL>
		<LITERAL><SPL>COMP_Output_TIM3IC3</SPL><LL>LL_COMP_OUTPUT_TIM3_IC3</LL></LITERAL>
		<LITERAL><SPL>COMP_Output_TIM8OCREFCLR</SPL><LL>LL_COMP_OUTPUT_TIM8_OCCLR</LL></LITERAL>		
        <LITERAL><SPL>COMP_Output_TIM15IC2</SPL><LL>LL_COMP_OUTPUT_TIM15_IC2</LL></LITERAL>
        <LITERAL><SPL>COMP_Output_TIM4IC2</SPL><LL>LL_COMP_OUTPUT_TIM4_IC2</LL></LITERAL>
        <LITERAL><SPL>COMP_Output_TIM15OCREFCLR</SPL><LL>LL_COMP_OUTPUT_TIM15_OCCLR</LL></LITERAL>
        <LITERAL><SPL>COMP_Output_HRTIM1_FLT7</SPL><LL>0x00003000U</LL></LITERAL>
		<LITERAL><SPL>COMP_Output_HRTIM1_EE2_2</SPL><LL>0x00003400U</LL></LITERAL>
		<LITERAL><SPL>COMP_Output_HRTIM1_EE7_2</SPL><LL>0x00003800U</LL></LITERAL>		
        <LITERAL><SPL>COMP_Output_TIM2IC1</SPL><LL>LL_COMP_OUTPUT_TIM2_IC1</LL></LITERAL>
        <LITERAL><SPL>COMP_Output_TIM17IC1</SPL><LL>LL_COMP_OUTPUT_TIM17_IC1</LL></LITERAL>
        <LITERAL><SPL>COMP_Output_TIM4IC3</SPL><LL>LL_COMP_OUTPUT_TIM4_IC3</LL></LITERAL>
		<LITERAL><SPL>COMP_Output_TIM2IC2</SPL><LL>LL_COMP_OUTPUT_TIM2_IC2</LL></LITERAL>
		<LITERAL><SPL>COMP_Output_COMP6TIM2OCREFCLR</SPL><LL>LL_COMP_OUTPUT_TIM2_OCCLR_COMP6</LL></LITERAL>		
        <LITERAL><SPL>COMP_Output_TIM16OCREFCLR</SPL><LL>LL_COMP_OUTPUT_TIM16_OCCLR</LL></LITERAL>
        <LITERAL><SPL>COMP_Output_TIM16IC1</SPL><LL>LL_COMP_OUTPUT_TIM16_IC1</LL></LITERAL>
        <LITERAL><SPL>COMP_Output_TIM4IC4</SPL><LL>LL_COMP_OUTPUT_TIM4_IC4</LL></LITERAL>
        <LITERAL><SPL>COMP_Output_HRTIM1_FLT8</SPL><LL>0x00003000U</LL></LITERAL>
		<LITERAL><SPL>COMP_Output_HRTIM1_EE3_2</SPL><LL>0x00003400U</LL></LITERAL>
		<LITERAL><SPL>COMP_Output_HRTIM1_EE8_2</SPL><LL>0x00003800U</LL></LITERAL>
        <LITERAL><SPL>COMP_Output_TIM2IC3</SPL><LL>LL_COMP_OUTPUT_TIM2_IC3</LL></LITERAL>
		<LITERAL><SPL>COMP_Output_TIM1IC2</SPL><LL>LL_COMP_OUTPUT_TIM1_IC2</LL></LITERAL>
		<LITERAL><SPL>COMP_Output_TIM17OCREFCLR</SPL><LL>LL_COMP_OUTPUT_TIM17_OCCLR</LL></LITERAL>
        <LITERAL><SPL>COMP_Output_TIM17BKIN</SPL><LL>LL_COMP_OUTPUT_TIM17_BKIN</LL></LITERAL>
		
        <LITERAL><SPL>COMP_OutputPol_NonInverted</SPL><LL>LL_COMP_OUTPUTPOL_NONINVERTED</LL></LITERAL>
        <LITERAL><SPL>COMP_OutputPol_Inverted</SPL><LL>LL_COMP_OUTPUTPOL_INVERTED</LL></LITERAL>
		
        <LITERAL><SPL>COMP_Hysteresis_No</SPL><LL>LL_COMP_HYSTERESIS_NONE</LL></LITERAL>
        <LITERAL><SPL>COMP_Hysteresis_Low</SPL><LL>LL_COMP_HYSTERESIS_LOW</LL></LITERAL>
        <LITERAL><SPL>COMP_Hysteresis_Medium</SPL><LL>LL_COMP_HYSTERESIS_MEDIUM</LL></LITERAL>
        <LITERAL><SPL>COMP_Hysteresis_High</SPL><LL>LL_COMP_HYSTERESIS_HIGH</LL></LITERAL>
		
        <LITERAL><SPL>COMP_Mode_HighSpeed</SPL><LL>LL_COMP_POWERMODE_HIGHSPEED</LL></LITERAL>
        <LITERAL><SPL>COMP_Mode_MediumSpeed</SPL><LL>LL_COMP_POWERMODE_MEDIUMSPEED</LL></LITERAL>
        <LITERAL><SPL>COMP_Mode_LowPower</SPL><LL>LL_COMP_POWERMODE_LOWPOWER</LL></LITERAL>
        <LITERAL><SPL>COMP_Mode_UltraLowPower</SPL><LL>LL_COMP_POWERMODE_ULTRALOWPOWER</LL></LITERAL>

        <LITERAL><SPL>COMP_NonInvertingInput_IO1</SPL><LL>LL_COMP_INPUT_PLUS_IO1</LL></LITERAL>
        <LITERAL><SPL>COMP_NonInvertingInput_IO2</SPL><LL>LL_COMP_INPUT_PLUS_IO2</LL></LITERAL>
		
        <LITERAL><SPL>COMP_BlankingSrce_None</SPL><LL>LL_COMP_INPUT_PLUS_IO1</LL></LITERAL>
        <LITERAL><SPL>COMP_BlankingSrce_TIM1OC5</SPL><LL>LL_COMP_BLANKINGSRC_TIM1_OC5</LL></LITERAL>
        <LITERAL><SPL>COMP_BlankingSrce_TIM2OC3</SPL><LL>LL_COMP_BLANKINGSRC_TIM2_OC3</LL></LITERAL>
        <LITERAL><SPL>COMP_BlankingSrce_TIM3OC3</SPL><LL>LL_COMP_BLANKINGSRC_TIM3_OC3</LL></LITERAL>
        <LITERAL><SPL>COMP_BlankingSrce_TIM2OC4</SPL><LL>LL_COMP_BLANKINGSRC_TIM2_OC4</LL></LITERAL>
        <LITERAL><SPL>COMP_BlankingSrce_TIM8OC5</SPL><LL>LL_COMP_BLANKINGSRC_TIM8_OC5</LL></LITERAL>
        <LITERAL><SPL>COMP_BlankingSrce_TIM3OC4</SPL><LL>LL_COMP_BLANKINGSRC_TIM3_OC4</LL></LITERAL>
        <LITERAL><SPL>COMP_BlankingSrce_TIM15OC1</SPL><LL>LL_COMP_BLANKINGSRC_TIM15_OC1</LL></LITERAL>
        <LITERAL><SPL>COMP_BlankingSrce_TIM15OC2</SPL><LL>LL_COMP_BLANKINGSRC_TIM15_OC2</LL></LITERAL>

	</LITERALS>

    <STRUCTURES>
	   <STRUCTURE NAME="COMP_InitTypeDef">
         <FIELD><SPL>COMP_Output</SPL><LL>OutputSelection</LL></FIELD>
         <FIELD><SPL>COMP_OutputPol</SPL><LL>OutputPolarity</LL></FIELD>
         <FIELD><SPL>COMP_Hysteresis</SPL><LL>InputHysteresis</LL></FIELD>
         <FIELD><SPL>COMP_Mode</SPL><LL>PowerMode</LL></FIELD>
         <FIELD><SPL>COMP_NonInvertingInput</SPL><LL>InputPlus</LL></FIELD>
         <FIELD><SPL>COMP_BlankingSrce</SPL><LL>OutputBlankingSource</LL></FIELD>
       </STRUCTURE>
    </STRUCTURES>

    <FUNCTIONS>
      <FUNCTION>
          <SPL NAME="COMP_DeInit" />
          <LL  NAME="LL_COMP_DeInit"
               CMD0="UPD@LL_PARAM_0={UPD@SPL_PARAM_0}"/>
          <AVAILABLE>STM32F30</AVAILABLE>
      </FUNCTION>
      <FUNCTION>
          <SPL NAME="COMP_StructInit" />
          <LL  NAME="LL_COMP_StructInit"
               CMD0="UPD@LL_PARAM_0={CPY@SPL_PARAM_0}"/>
      </FUNCTION>
      <FUNCTION>
          <SPL NAME="COMP_SwitchCmd" 
               CMD0="EQU@SPL_PARAM_1=ENABLE" />
          <LL  NAME="N/A"
               CMD0="LL_COMP_ConfigInputs({UPD@SPL_PARAM_0}, LL_COMP_GetInputMinus({UPD@SPL_PARAM_0}),LL_COMP_INPUT_PLUS_DAC1_CH1)"/>
      </FUNCTION>
      <FUNCTION>
          <SPL NAME="COMP_SwitchCmd" 
               CMD0="EQU@SPL_PARAM_1=DISABLE" />
          <LL  NAME="N/A"
               CMD0="LL_COMP_ConfigInputs({UPD@SPL_PARAM_0}, LL_COMP_GetInputMinus({UPD@SPL_PARAM_0}),LL_COMP_INPUT_PLUS_IO1)"/>
      </FUNCTION>	  
      <FUNCTION>
          <SPL NAME="COMP_SwitchCmd" 
               CMD0="EQU@SPL_PARAM_0=ENABLE" />
          <LL  NAME="N/A"
               CMD0="LL_COMP_ConfigInputs(COMP1, LL_COMP_GetInputMinus(COMP1),LL_COMP_INPUT_PLUS_DAC1_CH1)"/>
      </FUNCTION>
      <FUNCTION>
          <SPL NAME="COMP_SwitchCmd" 
               CMD0="EQU@SPL_PARAM_0=DISABLE" />
          <LL  NAME="N/A"
               CMD0="LL_COMP_ConfigInputs(COMP1, LL_COMP_GetInputMinus(COMP1),LL_COMP_INPUT_PLUS_IO1)"/>
      </FUNCTION>
      <FUNCTION>
          <SPL NAME="COMP_LockConfig" />
          <LL  NAME="LL_COMP_Lock"
               CMD0="UPD@LL_PARAM_0={CPY@SPL_PARAM_0}"/>
      </FUNCTION> 

    </FUNCTIONS>
    </VERSION>
  </SPECIFIC>
</IP>
