<?xml version="1.0" encoding="utf-8"?>
<INCLUDE>
  <COMMON>
    <ADC>
        <SPL>stm32{family}xx_adc.h</SPL>
        <LL>stm32{family}xx_ll_adc.h</LL>
    </ADC>
    <RCC>
        <SPL>stm32{family}xx_rcc.h</SPL>
        <LL>stm32{family}xx_ll_rcc.h</LL>
        <LL>stm32{family}xx_ll_bus.h</LL>
    </RCC>
    <COMP>
        <SPL>stm32{family}xx_comp.h</SPL>
        <LL>stm32{family}xx_ll_comp.h</LL>
    </COMP>
    <CRC>
        <SPL>stm32{family}xx_crc.h</SPL>
        <LL>stm32{family}xx_ll_crc.h</LL>
    </CRC>
    <DAC>
        <SPL>stm32{family}xx_dac.h</SPL>
        <LL>stm32{family}xx_ll_dac.h</LL>
    </DAC>
    <DMA>
        <SPL>stm32{family}xx_dma.h</SPL>
        <LL>stm32{family}xx_ll_dma.h</LL>
    </DMA>
    <EXTI>
        <SPL>stm32{family}xx_exti.h</SPL>
        <LL>stm32{family}xx_ll_exti.h</LL>
    </EXTI>
    <GPIO>
        <SPL>stm32{family}xx_gpio.h</SPL>
        <LL>stm32{family}xx_ll_gpio.h</LL>
    </GPIO>
    <I2C>
        <SPL>stm32{family}xx_i2c.h</SPL>
        <LL>stm32{family}xx_ll_i2c.h</LL>
    </I2C>
    <IWDG>
        <SPL>stm32{family}xx_iwdg.h</SPL>
        <LL>stm32{family}xx_ll_iwdg.h</LL>
    </IWDG>
    <DBGMCU>
        <SPL>stm32{family}xx_dbgmcu.h</SPL>
        <LL>stm32{family}xx_ll_system.h</LL>
    </DBGMCU>
    <FLASH>
        <SPL>stm32{family}xx_flash.h</SPL>
        <LL>stm32{family}xx_ll_system.h</LL>
    </FLASH>
    <HRTIM>
        <SPL>stm32{family}xx_hrtim.h</SPL>
        <LL>stm32{family}xx_ll_hrtim.h</LL>
    </HRTIM>
    <TIM>
        <SPL>stm32{family}xx_tim.h</SPL>
        <LL>stm32{family}xx_ll_tim.h</LL>
    </TIM>
    <WWDG>
        <SPL>stm32{family}xx_wwdg.h</SPL>
        <LL>stm32{family}xx_ll_wwdg.h</LL>
    </WWDG>
    <USART>
        <SPL>stm32{family}xx_usart.h</SPL>
        <LL>stm32{family}xx_ll_usart.h</LL>
    </USART>
    <RTC>
        <SPL>stm32{family}xx_rtc.h</SPL>
        <LL>stm32{family}xx_ll_rtc.h</LL>
    </RTC>
    <SPI>
        <SPL>stm32{family}xx_spi.h</SPL>
        <LL>stm32{family}xx_ll_spi.h</LL>
    </SPI>
    <PWR>
        <SPL>stm32{family}xx_pwr.h</SPL>
        <LL>stm32{family}xx_ll_pwr.h</LL>
        <LL>stm32{family}xx_ll_cortex.h</LL>
    </PWR>
    <CONF>
        <SPL>stm32{family}xx.h</SPL>
        <LL>legacy.h</LL>
        <LL>ll_includes.h</LL>
         <LL>stm32{family}xx_hal_conf.h</LL>
    </CONF>
    <CONF>
        <SPL>stm32{family}x.h</SPL>
        <LL>legacy.h</LL>
        <LL>ll_includes.h</LL>
        <LL>stm32{family}xx_hal_conf.h</LL>
    </CONF>
  </COMMON>

  <SPECIFIC>
    <STM32F0>
       <CRS>
           <SPL>stm32{family}xx_crs.h</SPL>
           <LL>stm32{family}xx_ll_crs.h</LL>
       </CRS>
       <MISC>
           <SPL>stm32{family}xx_misc.h</SPL>
           <LL>stm32{family}xx_ll_cortex.h</LL>
           <LL>compatibility_api.h</LL>
       </MISC>
       <SYSCFG>
           <SPL>stm32{family}xx_syscfg.h</SPL>
           <LL>stm32{family}xx_ll_system.h</LL>
       </SYSCFG>
    </STM32F0>
    
    <STM32F10>
       <SWP>
           <SPL>stm32{family}xx_swp.h</SPL>
           <LL>stm32{family}xx_ll_swpmi.h</LL>
       </SWP>
       <MISC>
           <SPL>misc.h</SPL>
           <LL>stm32{family}xx_ll_cortex.h</LL>
           <LL>compatibility_api.h</LL>
       </MISC>
       <SYSCFG>
           <SPL>stm32{family}xx_syscfg.h</SPL>
           <LL>stm32{family}xx_ll_system.h</LL>
       </SYSCFG>
    </STM32F10>
    
    <STM32F2>
       <RNG>
           <SPL>stm32{family}xx_rng.h</SPL>
           <LL>stm32{family}xx_ll_rng.h</LL>
       </RNG>
       <MISC>
           <SPL>misc.h</SPL>
           <LL>stm32{family}xx_ll_cortex.h</LL>
           <LL>compatibility_api.h</LL>
       </MISC>
       <SYSCFG>
           <SPL>stm32{family}xx_syscfg.h</SPL>
           <LL>stm32{family}xx_ll_system.h</LL>
       </SYSCFG>
    </STM32F2>
    
    <STM32F30>
       <MISC>
           <SPL>stm32{family}xx_misc.h</SPL>
           <LL>stm32{family}xx_ll_cortex.h</LL>
           <LL>compatibility_api.h</LL>
       </MISC>
       <SYSCFG>
           <SPL>stm32{family}xx_syscfg.h</SPL>
           <LL>stm32{family}xx_ll_system.h</LL>
       </SYSCFG>
    </STM32F30>
    
    <STM32F37>
       <MISC>
           <SPL>stm32{family}xx_misc.h</SPL>
           <LL>stm32{family}xx_ll_cortex.h</LL>
           <LL>compatibility_api.h</LL>
       </MISC>
       <SYSCFG>
           <SPL>stm32{family}xx_syscfg.h</SPL>
           <LL>stm32{family}xx_ll_system.h</LL>
       </SYSCFG>
    </STM32F37>
    
    <STM32F4>
       <RNG>
           <SPL>stm32{family}xx_rng.h</SPL>
           <LL>stm32{family}xx_ll_rng.h</LL>
       </RNG>
       <LPTIM>
           <SPL>stm32{family}xx_lptim.h</SPL>
           <LL>stm32{family}xx_ll_lptim.h</LL>
       </LPTIM>
       <OPAMP>
           <SPL>stm32{family}xx_opamp.h</SPL>
           <LL>stm32{family}xx_ll_opamp.h</LL>
       </OPAMP>
       <MISC>
           <SPL>misc.h</SPL>
           <LL>stm32{family}xx_ll_cortex.h</LL>
           <LL>compatibility_api.h</LL>
       </MISC>
       <SYSCFG>
           <SPL>stm32{family}xx_syscfg.h</SPL>
           <LL>stm32{family}xx_ll_system.h</LL>
       </SYSCFG>
       <DMA2D>
           <SPL>stm32{family}xx_dma2d.h</SPL>
           <LL>stm32{family}xx_ll_dma2d.h</LL>
       </DMA2D>
    </STM32F4>
    
    <STM32F7>
       <RNG>
           <SPL>stm32{family}xx_rng.h</SPL>
           <LL>stm32{family}xx_ll_rng.h</LL>
       </RNG>
       <MISC>
           <SPL>misc.h</SPL>
           <LL>stm32{family}xx_ll_cortex.h</LL>
           <LL>compatibility_api.h</LL>
       </MISC>
       <SYSCFG>
           <SPL>stm32{family}xx_syscfg.h</SPL>
           <LL>stm32{family}xx_ll_system.h</LL>
       </SYSCFG>
       <DMA2D>
           <SPL>stm32{family}xx_dma2d.h</SPL>
           <LL>stm32{family}xx_ll_dma2d.h</LL>
       </DMA2D>
    </STM32F7>
    
    <STM32H7>
       <CRS>
           <SPL>stm32{family}xx_crs.h</SPL>
           <LL>stm32{family}xx_ll_crs.h</LL>
       </CRS>
       <RNG>
           <SPL>stm32{family}xx_rng.h</SPL>
           <LL>stm32{family}xx_ll_rng.h</LL>
       </RNG>
       <MISC>
           <SPL>misc.h</SPL>
           <LL>stm32{family}xx_ll_cortex.h</LL>
           <LL>compatibility_api.h</LL>
       </MISC>
       <SYSCFG>
           <SPL>stm32{family}xx_syscfg.h</SPL>
           <LL>stm32{family}xx_ll_system.h</LL>
       </SYSCFG>
    </STM32H7>
    
    <STM32L0>
       <CRS>
           <SPL>stm32{family}xx_crs.h</SPL>
           <LL>stm32{family}xx_ll_crs.h</LL>
       </CRS>
       <RNG>
           <SPL>stm32{family}xx_rng.h</SPL>
           <LL>stm32{family}xx_ll_rng.h</LL>
       </RNG>
       <MISC>
           <SPL>misc.h</SPL>
           <LL>stm32{family}xx_ll_cortex.h</LL>
           <LL>compatibility_api.h</LL>
       </MISC>
       <SYSCFG>
           <SPL>stm32{family}xx_syscfg.h</SPL>
           <LL>stm32{family}xx_ll_system.h</LL>
       </SYSCFG>
    </STM32L0>
    
    <STM32L1>
       <MISC>
           <SPL>misc.h</SPL>
           <LL>stm32{family}xx_ll_cortex.h</LL>
           <LL>compatibility_api.h</LL>
       </MISC>
       <SYSCFG>
           <SPL>stm32{family}xx_syscfg.h</SPL>
           <LL>stm32{family}xx_ll_system.h</LL>
           <LL>stm32{family}xx_ll_adc.h</LL>
           <LL>stm32{family}xx_ll_comp.h</LL>
       </SYSCFG>
    </STM32L1>
    
    <STM32L4>
       <CRS>
           <SPL>stm32{family}xx_crs.h</SPL>
           <LL>stm32{family}xx_ll_crs.h</LL>
       </CRS>
       <RNG>
           <SPL>stm32{family}xx_rng.h</SPL>
           <LL>stm32{family}xx_ll_rng.h</LL>
       </RNG>
       <LPTIM>
           <SPL>stm32{family}xx_lptim.h</SPL>
           <LL>stm32{family}xx_ll_lptim.h</LL>
       </LPTIM>
       <RNG>
           <SPL>stm32{family}xx_rng.h</SPL>
           <LL>stm32{family}xx_ll_rng.h</LL>
       </RNG>
       <MISC>
           <SPL>misc.h</SPL>
           <LL>stm32{family}xx_ll_cortex.h</LL>
           <LL>compatibility_api.h</LL>
       </MISC>
       <SYSCFG>
           <SPL>stm32{family}xx_syscfg.h</SPL>
           <LL>stm32{family}xx_ll_system.h</LL>
       </SYSCFG>
       <DMA2D>
           <SPL>stm32{family}xx_dma2d.h</SPL>
           <LL>stm32{family}xx_ll_dma2d.h</LL>
       </DMA2D>
    </STM32L4>
    
  </SPECIFIC>
</INCLUDE>