<?xml version="1.0" encoding="utf-8"?>
<IPVERSION>
  <STM32F0>
    <IWDG   NAME="IWDG_VER_2_2_0"></IWDG>
    <WWDG   NAME="WWDG_VER_1_0_0"></WWDG>
    <DMA    NAME="DMA1_VER_1_0_0"></DMA>
    <RCC    NAME="RCC_VER_1_0_0"></RCC>
    <CMSIS  NAME="CMSIS_VER_1_0_0"></CMSIS>
    <MISC   NAME="MISC_VER_1_0_0"></MISC>
    <CRS    NAME="CRS_VER_1_0_0"></CRS>
    <PWR    NAME="PWR_VER_1_0_0"></PWR>
    <TIM    NAME="TIM_VER_2_1_0"></TIM>
    <GPIO   NAME="IOPORT_VER_2_3_0"></GPIO>
    <EXTI   NAME="EICTL1_VER_1_0_0"></EXTI>
    <I2C    NAME="I2C_VER_2_0_0"></I2C>
    <CRC    NAME="CRC_VER_2_1_0"></CRC>
    <SYSCFG NAME="SYSCFG_VER_1_0_0"></SYSCFG>
    <DBGMCU NAME="DBGMCU_VER_1_0_0"></DBGMCU>
    <FLASH  NAME="FLASH_VER_1_0_0"></FLASH>
    <ADC    NAME="ADITF4_VER_1_0_0"></ADC>
    <RTC    NAME="RTC_VER_2_0_0"></RTC>
    <DAC    NAME="DACITF_VER_1_1_0"></DAC>
    <SPI    NAME="SPI_VER_1_3_0"></SPI>
    <I2S    NAME="I2S_VER_1_3_0"></I2S>
    <USART  NAME="USART_VER_1_0_0"></USART>
    <COMP   NAME="COMP_VER_1_x_0"></COMP>
  </STM32F0>

  <STM32F10>
    <I2C    NAME="I2C_VER_1_0_0"></I2C>
    <ADC    NAME="ADITF1_VER_2_5_0"></ADC>
    <CRC    NAME="CRC_VER_1_0_0"></CRC>
    <GPIO   NAME="IOPORT_VER_1_0_0"></GPIO>
    <IWDG   NAME="IWDG_VER_1_1_0"></IWDG>
    <WWDG   NAME="WWDG_VER_1_0_0"></WWDG>
    <DMA    NAME="DMA1_VER_1_0_0"></DMA>
    <RCC    NAME="RCC_VER_1_1_0"></RCC>
    <CMSIS  NAME="CMSIS_VER_1_1_0"></CMSIS>
    <MISC   NAME="MISC_VER_1_1_0"></MISC>
    <PWR    NAME="PWR_VER_1_0_0"></PWR>
    <TIM    NAME="TIM_VER_1_1_0"></TIM>
    <EXTI   NAME="EICTL1_VER_1_0_0"></EXTI>
    <SYSCFG NAME="SYSCFG_VER_1_1_0"></SYSCFG>
    <DBGMCU NAME="DBGMCU_VER_1_1_0"></DBGMCU>
    <FLASH  NAME="FLASH_VER_1_1_0"></FLASH>
    <RTC    NAME="RTC_VER_1_1_0"></RTC>
    <DAC    NAME="DACITF_VER_1_1_0"></DAC>
    <SPI    NAME="SPI_VER_1_2_0"></SPI>
    <I2S    NAME="I2S_VER_1_2_0"></I2S>
    <USART  NAME="USART_VER_2_0_0"></USART>
  </STM32F10>

  <STM32F2>
    <ADC    NAME="ADITF2_VER_1_1_0"></ADC>
    <IWDG   NAME="IWDG_VER_1_1_0"></IWDG>
    <WWDG   NAME="WWDG_VER_1_0_0"></WWDG>
    <DMA    NAME="DMA2_VER_1_0_0"></DMA>
    <RCC    NAME="RCC_VER_1_2_0"></RCC>
    <CMSIS  NAME="CMSIS_VER_1_2_0"></CMSIS>
    <MISC   NAME="MISC_VER_1_1_0"></MISC>
    <RNG    NAME="RNG_VER_1_1_0"></RNG>
    <PWR    NAME="PWR_VER_1_0_0"></PWR>
    <TIM    NAME="TIM_VER_2_1_0"></TIM>
    <GPIO   NAME="IOPORT_VER_2_3_0"></GPIO>
    <EXTI   NAME="EICTL1_VER_1_0_0"></EXTI>
    <I2C    NAME="I2C_VER_1_0_0"></I2C>
    <CRC    NAME="CRC_VER_1_0_0"></CRC>
    <SYSCFG NAME="SYSCFG_VER_1_2_0"></SYSCFG>
    <DBGMCU NAME="DBGMCU_VER_1_2_0"></DBGMCU>
    <FLASH  NAME="FLASH_VER_1_2_0"></FLASH>
    <RTC    NAME="RTC_VER_2_0_0"></RTC>
    <DAC    NAME="DACITF_VER_1_1_0"></DAC>
    <SPI    NAME="SPI_VER_1_2_0"></SPI>
    <I2S    NAME="I2S_VER_1_2_0"></I2S>
    <USART  NAME="USART_VER_2_0_0"></USART>
  </STM32F2>

  <STM32F30>
    <IWDG   NAME="IWDG_VER_2_2_0"></IWDG>
    <WWDG   NAME="WWDG_VER_1_0_0"></WWDG>
    <DMA    NAME="DMA1_VER_1_0_0"></DMA>
    <RCC    NAME="RCC_VER_1_3_0"></RCC>
    <CMSIS  NAME="CMSIS_VER_1_3_0"></CMSIS>
    <MISC   NAME="MISC_VER_1_1_0"></MISC>
    <PWR    NAME="PWR_VER_1_0_0"></PWR>
    <HRTIM  NAME="HRTIM_VER_1_0_0"></HRTIM>
    <TIM    NAME="TIM_VER_3_2_0"></TIM>
    <GPIO   NAME="IOPORT_VER_2_3_0"></GPIO>
    <EXTI   NAME="EICTL1_VER_1_0_1"></EXTI>
    <I2C    NAME="I2C_VER_2_0_0"></I2C>
    <CRC    NAME="CRC_VER_2_1_0"></CRC>
    <SYSCFG NAME="SYSCFG_VER_1_3_0"></SYSCFG>
    <DBGMCU NAME="DBGMCU_VER_1_3_0"></DBGMCU>
    <FLASH  NAME="FLASH_VER_1_3_0"></FLASH> 
    <ADC    NAME="ADITF5_VER_1_1_0"></ADC>
    <RTC    NAME="RTC_VER_2_0_0"></RTC>
    <DAC    NAME="DACITF_VER_1_1_1"></DAC>
    <SPI    NAME="SPI_VER_1_3_0"></SPI>
    <I2S    NAME="I2S_VER_1_3_0"></I2S>
    <USART  NAME="USART_VER_1_0_0"></USART>
    <OPAMP  NAME="OPAMP_TSMC018_ULL_VER_1_0_0"></OPAMP>
    <COMP   NAME="COMP_VER_1_x_0"></COMP>
  </STM32F30>

  <STM32F37>
    <IWDG   NAME="IWDG_VER_2_2_0"></IWDG>
    <WWDG   NAME="WWDG_VER_1_0_0"></WWDG>
    <DMA    NAME="DMA1_VER_1_0_0"></DMA>
    <RCC    NAME="RCC_VER_1_3_7"></RCC>
    <CMSIS  NAME="CMSIS_VER_1_3_7"></CMSIS>
    <MISC   NAME="MISC_VER_1_1_0"></MISC>
    <PWR    NAME="PWR_VER_1_0_0"></PWR>
    <TIM    NAME="TIM_VER_2_1_0"></TIM>
    <GPIO   NAME="IOPORT_VER_2_3_0"></GPIO>
    <EXTI   NAME="EICTL1_VER_1_0_0"></EXTI>
    <I2C    NAME="I2C_VER_2_0_0"></I2C>
    <CRC    NAME="CRC_VER_2_1_0"></CRC>
    <SYSCFG NAME="SYSCFG_VER_1_3_7"></SYSCFG>
    <DBGMCU NAME="DBGMCU_VER_1_3_7"></DBGMCU>
    <FLASH  NAME="FLASH_VER_1_3_7"></FLASH>
    <ADC    NAME="ADITF1_VER_2_5_0"></ADC>
    <RTC    NAME="RTC_VER_2_0_0"></RTC>
    <DAC    NAME="DACITF_VER_1_1_1"></DAC>
    <SPI    NAME="SPI_VER_1_3_0"></SPI>
    <I2S    NAME="I2S_VER_1_3_0"></I2S>
    <USART  NAME="USART_VER_1_0_0"></USART>
    <COMP   NAME="COMP_VER_1_x_0"></COMP>
  </STM32F37>

  <STM32F4>
    <I2C    NAME="I2C1_VER_2_0_0"></I2C>
    <ADC    NAME="ADITF2_VER_1_1_0"></ADC>
    <CRC    NAME="CRC_VER_1_0_0"></CRC>
    <GPIO   NAME="IOPORT_VER_2_3_0"></GPIO>
    <IWDG   NAME="IWDG_VER_1_1_0"></IWDG>
    <WWDG   NAME="WWDG_VER_1_0_0"></WWDG>
    <DMA    NAME="DMA2_VER_1_0_0"></DMA>
    <DMA2D  NAME="DMA2D1_VER_1_0_0"></DMA2D>
    <RCC    NAME="RCC_VER_1_4_0"></RCC>
    <CMSIS  NAME="CMSIS_VER_1_4_0"></CMSIS>
    <MISC   NAME="MISC_VER_1_1_0"></MISC>
    <RNG    NAME="RNG_VER_1_1_0"></RNG>
    <PWR    NAME="PWR_VER_1_0_0"></PWR>
    <TIM    NAME="TIM_VER_2_1_0"></TIM>
    <EXTI   NAME="EICTL1_VER_1_0_0"></EXTI>
    <I2C    NAME="I2C_VER_1_0_0"></I2C>
    <SYSCFG NAME="SYSCFG_VER_1_4_0"></SYSCFG>
    <DBGMCU NAME="DBGMCU_VER_1_4_0"></DBGMCU>
    <FLASH  NAME="FLASH_VER_1_4_0"></FLASH>
    <RTC    NAME="RTC_VER_2_0_0"></RTC>
    <DAC    NAME="DACITF_VER_1_1_0"></DAC>
    <SPI    NAME="SPI_VER_1_2_0"></SPI>
    <I2S    NAME="I2S_VER_1_2_0"></I2S>
    <USART  NAME="USART_VER_2_0_0"></USART>
    <DMA2D  NAME="DMA2D1_VER_1_0_0"></DMA2D>
    <LPTIM  NAME="LPTIM_VER_1_1_0"></LPTIM>
  </STM32F4>

  <STM32F7>
    <IWDG   NAME="IWDG_VER_2_2_0"></IWDG>
    <WWDG   NAME="WWDG_VER_1_0_0"></WWDG>
    <DMA    NAME="DMA2_VER_1_0_0"></DMA>
    <DMA2D  NAME="DMA2D1_VER_1_1_0"></DMA2D>
    <RCC    NAME="RCC_VER_1_4_0"></RCC>
    <CMSIS  NAME="CMSIS_VER_1_7_0"></CMSIS>
    <MISC   NAME="MISC_VER_1_1_0"></MISC>
    <RNG    NAME="RNG_VER_1_1_0"></RNG>
    <PWR    NAME="PWR_VER_3_0_0"></PWR>
    <TIM    NAME="TIM_VER_3_2_0"></TIM>
    <GPIO   NAME="IOPORT_VER_2_3_0"></GPIO>
    <EXTI   NAME="EICTL1_VER_1_0_0"></EXTI>
    <I2C    NAME="I2C_VER_2_0_0"></I2C>
    <CRC    NAME="CRC_VER_2_1_0"></CRC>
    <SYSCFG NAME="SYSCFG_VER_1_7_0"></SYSCFG>
    <DBGMCU NAME="DBGMCU_VER_1_7_0"></DBGMCU>
    <FLASH  NAME="FLASH_VER_1_7_0"></FLASH>
    <ADC    NAME="ADITF2_VER_1_1_0"></ADC>
    <RTC    NAME="RTC_VER_2_0_0"></RTC>
    <DAC    NAME="DACITF_VER_1_1_0"></DAC>
    <SPI    NAME="SPI_VER_1_3_0"></SPI>
    <I2S    NAME="I2S_VER_1_3_0"></I2S>
    <USART  NAME="USART_VER_1_0_0"></USART>
    <DMA2D  NAME="DMA2D1_VER_1_0_0"></DMA2D>
    <LPTIM  NAME="LPTIM_VER_1_1_0"></LPTIM>
  </STM32F7>

  <STM32L0>
    <IWDG   NAME="IWDG_VER_2_2_0"></IWDG>
    <WWDG   NAME="WWDG_VER_1_0_0"></WWDG>
    <DMA    NAME="DMA1_VER_1_0_0"></DMA>
    <RCC    NAME="RCC_VER_3_0_0"></RCC>
    <CMSIS  NAME="CMSIS_VER_3_0_0"></CMSIS>
    <MISC   NAME="MISC_VER_1_1_0"></MISC>
    <RNG    NAME="RNG_VER_1_1_0"></RNG>
    <CRS    NAME="CRS_VER_1_0_0"></CRS>
    <PWR    NAME="PWR_VER_1_0_0"></PWR>
    <TIM    NAME="TIM_VER_2_1_0"></TIM>
    <GPIO   NAME="IOPORT_VER_2_3_0"></GPIO>
    <EXTI   NAME="EICTL1_VER_1_0_0"></EXTI>
    <I2C    NAME="I2C_VER_2_0_0"></I2C>
    <CRC    NAME="CRC_VER_2_1_0"></CRC>
    <SYSCFG NAME="SYSCFG_VER_0_0_0"></SYSCFG>
    <DBGMCU NAME="DBGMCU_VER_0_0_0"></DBGMCU>
    <FLASH  NAME="FLASH_VER_0_0_0"></FLASH>
    <ADC    NAME="ADITF4_VER_1_0_0"></ADC>
    <RTC    NAME="RTC_VER_2_0_0"></RTC>
    <DAC    NAME="DACITF_VER_1_1_0"></DAC>
    <SPI    NAME="SPI_VER_1_2_0"></SPI>
    <I2S    NAME="I2S_VER_1_2_0"></I2S>
    <USART  NAME="USART_VER_1_0_0"></USART>
    <LPTIM  NAME="LPTIM_VER_1_1_0"></LPTIM>
    <COMP   NAME="COMP_VER_1_x_0"></COMP>
  </STM32L0>
  
  <STM32L1>
    <IWDG   NAME="IWDG_VER_1_1_0"></IWDG>
    <WWDG   NAME="WWDG_VER_1_0_0"></WWDG>
    <DMA    NAME="DMA1_VER_1_0_0"></DMA>
    <RCC    NAME="RCC_VER_3_1_0"></RCC>
    <CMSIS  NAME="CMSIS_VER_3_1_0"></CMSIS>
    <MISC   NAME="MISC_VER_1_1_0"></MISC>
    <PWR    NAME="PWR_VER_1_0_0"></PWR>
    <TIM    NAME="TIM_VER_2_1_0"></TIM>
    <GPIO   NAME="IOPORT_VER_2_3_0"></GPIO>
    <EXTI   NAME="EICTL1_VER_1_0_0"></EXTI>
    <I2C    NAME="I2C_VER_1_0_0"></I2C>
    <CRC    NAME="CRC_VER_1_0_0"></CRC>
    <SYSCFG NAME="SYSCFG_VER_0_1_0"></SYSCFG>
    <DBGMCU NAME="DBGMCU_VER_0_1_0"></DBGMCU>
    <FLASH  NAME="FLASH_VER_0_1_0"></FLASH>
    <ADC    NAME="ADITF3_VER_1_1_0"></ADC>
    <RTC    NAME="RTC_VER_2_0_0"></RTC>
    <DAC    NAME="DACITF_VER_1_1_0"></DAC>
    <SPI    NAME="SPI_VER_1_2_0"></SPI>
    <I2S    NAME="I2S_VER_1_2_0"></I2S>
    <USART  NAME="USART_VER_2_0_0"></USART>
    <OPAMP  NAME="OPAMP_CMOSF9_VER_1_0_0"></OPAMP>
    <COMP   NAME="COMP_VER_1_0_0"></COMP>
  </STM32L1>

  <STM32L4>
    <USART  NAME="USART3_VER_1_0_0"></USART>
    <ADC    NAME="ADITF5_VER_2_2_0"></ADC>
    <CRC    NAME="CRC_VER_2_1_0"></CRC>
    <GPIO   NAME="IOPORT_VER_2_3_0"></GPIO>
    <IWDG   NAME="IWDG_VER_2_2_0"></IWDG>
    <WWDG   NAME="WWDG_VER_1_0_0"></WWDG>
    <DMA    NAME="DMA1_VER_1_0_0"></DMA>
    <RCC    NAME="RCC_VER_3_4_0"></RCC>
    <CMSIS  NAME="CMSIS_VER_3_4_0"></CMSIS>
    <MISC   NAME="MISC_VER_1_1_0"></MISC>
    <RNG    NAME="RNG_VER_1_1_0"></RNG>
    <CRS    NAME="CRS_VER_1_0_0"></CRS>
    <PWR    NAME="PWR_VER_2_0_0"></PWR>
    <TIM    NAME="TIM_VER_3_2_0"></TIM>
    <EXTI   NAME="EICTL1_VER_1_0_0"></EXTI>
    <I2C    NAME="I2C_VER_2_0_0"></I2C>
    <SYSCFG NAME="SYSCFG_VER_0_4_0"></SYSCFG>
    <DBGMCU NAME="DBGMCU_VER_0_4_0"></DBGMCU>
    <FLASH  NAME="FLASH_VER_0_4_0"></FLASH>
    <RTC    NAME="RTC_VER_2_0_0"></RTC>
    <DAC    NAME="DACITF_VER_2_0_0"></DAC>
    <SPI    NAME="SPI_VER_1_3_0"></SPI>
    <I2S    NAME="I2S_VER_1_3_0"></I2S>
    <DMA2D  NAME="DMA2D1_VER_1_0_0"></DMA2D>
    <OPAMP  NAME="OPAMP_CMOSF9_VER_1_0_0"></OPAMP>
    <LPTIM  NAME="LPTIM_VER_1_1_0"></LPTIM>
  </STM32L4>
</IPVERSION>